Model,Mean_Latency_ms,Best_FPS,Worst_p95_ms,Mean_Stability_ms
YOLOv11,9.790983095854244,109.37908105711578,13.119318150256731,0.752415460623189
YOLOv12n,15.428208579237435,73.41262287518332,19.19423374984035,0.6336538835373681
YOLOv8-FPN,7.087627937448815,173.50407927694886,9.222682248946512,0.26699869535518655
YOLOv8n,7.681189708296188,153.39024941337362,9.881023651087162,0.19732611100714162
YOLOv9c,44.66748312496899,69.2716996473118,86.38649100012117,0.9138277667472982
